Project - Name,Project - Slug,Collection ID,Locale ID,Item ID,Archived,Draft,Created On,Updated On,Published On,Project - Main Image,Project - Service,Project - Year,Project - Industry,Project - Description,Project - Objective,Project - Results,Project - Image 02,Project - Image 03,Image 04,Image 05,Image 06,Image 07,Project - Image last,Project - Website Link,Testimonial - Picture,Testimonial - Name,Testimonial - Position,Testimonial - Text,Next Project,Home page order,project page order
Gabi la Mouette,gabi-la-mouette,692486acb16e64066a373ba8,692486acb16e64066a373b8a,693b70c2b1a8b905502bd3d1,false,true,Fri Dec 12 2025 01:32:50 GMT+0000 (Coordinated Universal Time),Thu Mar 26 2026 13:23:18 GMT+0000 (Coordinated Universal Time),,https://cdn.prod.website-files.com/692486acb16e64066a373b89/693b7b3a535dd30cff8bf351_illsutrations-Gabi-MOUETTE.png,Web Development,2025,Entertainment,A digital storybook for the Riviera's favorite seagull.,"<h2 id="""">Introduction</h2><p id=""""><strong id="""">The Challenge: Art vs. Code </strong>""Gabi"" is a beloved illustrated character created by <a id="""" href=""https://mahoca.com"" target=""_blank"">Marie-Hortense Camous</a>, representing the culture of Nice. The author had a very specific vision: she didn't want a standard grid-based website. She wanted the site to feel like opening one of her books full of sprawling, hand-drawn landscapes.</p><p id=""""><strong id="""">The Solution </strong>I partnered with the author to act as the bridge between art and technology. While she provided the artistic direction and page illustrations, my role was to translate those static, pixel-perfect drawings into a fluid, responsive website that works on every screen size.</p><h2 id="""">Responsive Adaptation</h2><p id=""""><strong id="""">Preserving the Composition </strong>Translating full-page illustrations into the web is notoriously difficult. A standard responsive behavior would often crop the image awkwardly or hide key details on smaller screens.</p><p id="""">To solve this, I meticulously calibrated the <strong id="""">background positioning and scale</strong> for every breakpoint. Instead of a ""one-size-fits-all"" crop, I adjusted the alignment of the illustrations to ensure Gabi and the iconic landscapes remained the focal point, whether viewed on a wide monitor or a smartphone.</p><h2 id="""">Technical Architecture</h2><p id=""""><strong id="""">The ""Headless-Lite"" Approach </strong>The client needed e-commerce functionality but wanted to avoid the high monthly fees and rigid templates of a full Shopify store. I engineered a hybrid solution:</p><ol id="""" start=""1""><li id=""""><strong id="""">Build:</strong> I developed the frontend in <strong id="""">Webflow</strong> for total design freedom.</li><li id=""""><strong id="""">Host:</strong> I <strong id="""">exported the code</strong> to self-host it. This strategy eliminated recurring monthly platform fees, providing a highly cost-effective solution for the client without sacrificing quality</li><li id=""""><strong id="""">Commerce:</strong> I integrated <strong id="""">Shopify Buy Buttons</strong>. This injects a secure, world-class checkout system directly into the custom design, offering the best of both worlds.</li></ol>","<h2 id="""">Performance</h2><p id=""""><strong id="""">Heavy Visuals, Light Code </strong>Websites rich in illustrations often suffer from slow load times. Through aggressive asset optimization and clean HTML/CSS export, I achieved near-perfect scores on Google PageSpeed Insights.</p><p id="""">This proves that you don't have to sacrifice creativity for performance. The site is accessible, SEO-friendly, and loads instantly.</p><div data-rt-embed-type='true'><div class=""pagespeed-wrapper"">
  <style>
    /* --- THEME SETTINGS --- */
    .pagespeed-wrapper {
      width: 100%;
      max-width: 900px;
      margin: 0 auto;
      font-family: 'Inter', -apple-system, BlinkMacSystemFont, sans-serif;
      color: #f0f0f0;
      padding: 40px 20px;
      box-sizing: border-box;
    }

    /* --- GRID --- */
    .ps-grid {
      display: grid;
      grid-template-columns: repeat(4, 1fr);
      gap: 20px;
    }

    /* --- CARD --- */
    .ps-card {
      background-color: #1a1a1a;
      border: 1px solid #333;
      border-radius: 12px;
      padding: 20px 10px;
      display: flex;
      flex-direction: column;
      align-items: center;
      justify-content: center;
      transition: all 0.3s ease;
      box-shadow: 0 4px 6px rgba(0,0,0,0.5);
      opacity: 0;
      transform: translateY(20px);
    }

    .ps-card:hover {
      border-color: #bbb;
      transform: translateY(-5px);
      box-shadow: 0 10px 20px rgba(255, 255, 255, 0.05);
    }

    /* --- GAUGE --- */
    .gauge-container {
      position: relative;
      width: 80px;
      height: 80px;
      margin-bottom: 16px;
    }

    .gauge-svg {
      transform: rotate(-90deg);
      width: 100%;
      height: 100%;
    }

    .gauge-bg {
      fill: none;
      stroke: #333; /* Dark track */
      stroke-width: 6;
    }

    .gauge-fill {
      fill: none;
      stroke: #0cce6b; /* Google Green */
      stroke-width: 6;
      stroke-linecap: round;
      stroke-dasharray: 220; /* 2 * pi * 35 approx */
      stroke-dashoffset: 220; /* Start empty */
      transition: stroke-dashoffset 1.5s ease-out;
    }

    .gauge-score {
      position: absolute;
      top: 50%;
      left: 50%;
      transform: translate(-50%, -50%);
      font-size: 1.5rem;
      font-weight: 700;
      color: #0cce6b;
      font-family: monospace;
    }

    /* --- LABELS --- */
    .ps-label {
      font-size: 0.9rem;
      font-weight: 500;
      color: #bbb;
      text-align: center;
    }

    /* --- ANIMATION --- */
    .ps-in-view { animation: ps-fade-up 0.6s ease forwards; }

    @keyframes ps-fade-up {
      from { opacity: 0; transform: translateY(20px); }
      to { opacity: 1; transform: translateY(0); }
    }

    /* --- RESPONSIVE --- */
    @media (max-width: 768px) {
      .ps-grid { grid-template-columns: 1fr 1fr; }
    }
  </style>

  <div class=""ps-grid"">
    <div class=""ps-card"" data-score=""91"">
      <div class=""gauge-container"">
        <svg class=""gauge-svg"" viewBox=""0 0 80 80"">
          <circle class=""gauge-bg"" cx=""40"" cy=""40"" r=""35""></circle>
          <circle class=""gauge-fill"" cx=""40"" cy=""40"" r=""35""></circle>
        </svg>
        <div class=""gauge-score"">91</div>
      </div>
      <div class=""ps-label"">Performance</div>
    </div>

    <div class=""ps-card"" style=""animation-delay: 0.1s;"" data-score=""93"">
      <div class=""gauge-container"">
        <svg class=""gauge-svg"" viewBox=""0 0 80 80"">
          <circle class=""gauge-bg"" cx=""40"" cy=""40"" r=""35""></circle>
          <circle class=""gauge-fill"" cx=""40"" cy=""40"" r=""35""></circle>
        </svg>
        <div class=""gauge-score"">93</div>
      </div>
      <div class=""ps-label"">Accessibility</div>
    </div>

    <div class=""ps-card"" style=""animation-delay: 0.2s;"" data-score=""96"">
      <div class=""gauge-container"">
        <svg class=""gauge-svg"" viewBox=""0 0 80 80"">
          <circle class=""gauge-bg"" cx=""40"" cy=""40"" r=""35""></circle>
          <circle class=""gauge-fill"" cx=""40"" cy=""40"" r=""35""></circle>
        </svg>
        <div class=""gauge-score"">96</div>
      </div>
      <div class=""ps-label"">Best Practices</div>
    </div>

    <div class=""ps-card"" style=""animation-delay: 0.3s;"" data-score=""100"">
      <div class=""gauge-container"">
        <svg class=""gauge-svg"" viewBox=""0 0 80 80"">
          <circle class=""gauge-bg"" cx=""40"" cy=""40"" r=""35""></circle>
          <circle class=""gauge-fill"" cx=""40"" cy=""40"" r=""35""></circle>
        </svg>
        <div class=""gauge-score"">100</div>
      </div>
      <div class=""ps-label"">SEO</div>
    </div>
  </div>

  <script>
    document.addEventListener(""DOMContentLoaded"", () => {
      const circumference = 220; // 2 * PI * 35

      const observer = new IntersectionObserver((entries, obs) => {
        entries.forEach(entry => {
          if (entry.isIntersecting) {
            const card = entry.target;
            card.classList.add('ps-in-view');

            const score = card.getAttribute('data-score');
            const circle = card.querySelector('.gauge-fill');
            
            // Calculate offset (Empty = 220, Full = 0)
            const offset = circumference - (score / 100) * circumference;
            
            setTimeout(() => {
              circle.style.strokeDashoffset = offset;
            }, 200);

            obs.unobserve(card);
          }
        });
      }, { threshold: 0.2 });

      document.querySelectorAll('.ps-card').forEach(card => observer.observe(card));
    });
  </script>
</div></div>",https://cdn.prod.website-files.com/692486acb16e64066a373b89/693b7c1def0d9a01c4ff0a4d_Gabi-MOUETTE-georges-baradehi.png,https://cdn.prod.website-files.com/692486acb16e64066a373b89/693b7de894269920c2cd245e_gabi-la-mouette-illustration-webpage-design.jpg,https://cdn.prod.website-files.com/692486acb16e64066a373b89/693b7f11b45d7706254de295_illustrative-webdesign-ux-ui.jpg,https://cdn.prod.website-files.com/692486acb16e64066a373b89/693b7f88973a3f6522f74046_illsutrations-Gabi-MOUETTE-site-web.png,,,https://cdn.prod.website-files.com/692486acb16e64066a373b89/693c2ff757d72432777f86f0_illsutrations-Gabi-MOUETTE-vieux-nice.png,https://gabi-la-mouette.fr,,,,,smart-enseignes,,4
SkillTrack,skilltrack,692486acb16e64066a373ba8,692486acb16e64066a373b8a,692b349e4332c1abc3797bf1,false,false,Sat Nov 29 2025 17:59:58 GMT+0000 (Coordinated Universal Time),Thu Mar 26 2026 13:22:49 GMT+0000 (Coordinated Universal Time),Thu Mar 26 2026 13:23:26 GMT+0000 (Coordinated Universal Time),https://cdn.prod.website-files.com/692486acb16e64066a373b89/692e059829579af30deeaa17_SkillTrack_UX-UI-design_by_Georges-baradehi.jpg,UX/UI Design,2024,Education,Gamified skill tracking for lifelong learners.,"<h2 id="""">Introduction</h2><p id=""""><strong id="""">The Challenge: Why do we quit what we start? </strong>We live in the golden age of self-education, yet completing a course or mastering a new hobby remains incredibly difficult. The enthusiasm is there, but the structure is missing.</p><p id=""""><strong id="""">The Solution: </strong>SkillTrack is a mobile learning companion designed to fix the consistency gap. By combining habit-tracking mechanics with gamification, it turns the chaotic process of self-study into a rewarding, structured journey.</p><h2 id="""">Research &amp; Discovery</h2><p id=""""><strong id="""">Understanding the Learner’s Struggle: </strong>I kicked off the project with a simple question: <em id="""">What stops people from learning?</em> Through a mix of surveys and 1:1 interviews, I dug into user habits.</p><p id="""">The data revealed a clear pattern: motivation isn’t the problem consistency is. Users felt overwhelmed by unorganized resources and lacked the immediate feedback loops that make learning addictive.</p><div data-rt-embed-type='true'><div class=""portfolio-graph-widget"">
  <style>
    /* 
      ADAPTED PALETTE MAPPING:
      - Background: black (inherited)
      - Text Main: #f0f0f0 (White)
      - Track BG: #1a1a1a (Dark)
      - Bar Gradient: #bbb (Secondary Neutral) -> #f0f0f0 (White)
    */

    .portfolio-graph-widget {
      width: 100%;
      max-width: 800px;
      margin: 0 auto;
      font-family: 'Inter', -apple-system, BlinkMacSystemFont, sans-serif;
      color: #f0f0f0; /* White variable */
      box-sizing: border-box;
      padding: 20px 0;
    }

    .pg-row {
      margin-bottom: 24px;
    }

    .pg-header {
      display: flex;
      justify-content: space-between;
      align-items: flex-end;
      margin-bottom: 8px;
      font-size: 16px;
      line-height: 1.4;
    }

    .pg-label {
      opacity: 0.9;
      font-weight: 400;
      padding-right: 15px;
    }

    .pg-percent {
      font-weight: 700;
      color: #f0f0f0; /* White variable to pop */
      font-variant-numeric: tabular-nums;
      text-shadow: 0 0 10px rgba(255, 255, 255, 0.3);
    }

    /* The dark track background using your #1a1a1a variable */
    .pg-track {
      width: 100%;
      height: 24px;
      background-color: #1a1a1a; /* Dark variable */
      border-radius: 4px; /* Slightly sharper radius for a modern look */
      overflow: hidden;
      position: relative;
    }

    /* The Bar using White & Secondary Neutral */
    .pg-bar {
      height: 100%;
      width: 0%; /* JS will animate this */
      background: linear-gradient(90deg, #bbb, #f0f0f0);
      border-radius: 4px;
      position: relative;
      transition: width 1.5s cubic-bezier(0.2, 1, 0.3, 1);
      /* Subtle white glow */
      box-shadow: 0 0 15px rgba(240, 240, 240, 0.25); 
    }

    /* Metallic Shine effect overlay */
    .pg-bar::after {
      content: '';
      position: absolute;
      top: 0; left: 0; bottom: 0; right: 0;
      background: linear-gradient(90deg, transparent, rgba(255,255,255,0.4), transparent);
      transform: translateX(-100%);
      animation: pg-shine 3s infinite;
    }

    @keyframes pg-shine {
      100% { transform: translateX(200%); }
    }

    /* Mobile responsiveness */
    @media (max-width: 480px) {
      .pg-header {
        flex-direction: column;
        align-items: flex-start;
      }
      .pg-percent {
        align-self: flex-end;
        margin-top: -20px;
      }
      .pg-track {
        height: 16px;
      }
    }
  </style>

  <!-- DATA ROWS -->
  
  <div class=""pg-row"">
    <div class=""pg-header"">
      <span class=""pg-label"">Struggle to find consistent time</span>
      <span class=""pg-percent"">61%</span>
    </div>
    <div class=""pg-track"">
      <div class=""pg-bar"" data-width=""61%"" role=""progressbar"" aria-label=""61 percent""></div>
    </div>
  </div>

  <div class=""pg-row"">
    <div class=""pg-header"">
      <span class=""pg-label"">Use YouTube or online platforms</span>
      <span class=""pg-percent"">73%</span>
    </div>
    <div class=""pg-track"">
      <div class=""pg-bar"" data-width=""73%"" role=""progressbar"" aria-label=""73 percent""></div>
    </div>
  </div>

  <div class=""pg-row"">
    <div class=""pg-header"">
      <span class=""pg-label"">Want structured but flexible learning</span>
      <span class=""pg-percent"">82%</span>
    </div>
    <div class=""pg-track"">
      <div class=""pg-bar"" data-width=""82%"" role=""progressbar"" aria-label=""82 percent""></div>
    </div>
  </div>

  <div class=""pg-row"">
    <div class=""pg-header"">
      <span class=""pg-label"">Prefer short sessions</span>
      <span class=""pg-percent"">58%</span>
    </div>
    <div class=""pg-track"">
      <div class=""pg-bar"" data-width=""58%"" role=""progressbar"" aria-label=""58 percent""></div>
    </div>
  </div>

  <div class=""pg-row"">
    <div class=""pg-header"">
      <span class=""pg-label"">Need motivation and gamification</span>
      <span class=""pg-percent"">47%</span>
    </div>
    <div class=""pg-track"">
      <div class=""pg-bar"" data-width=""47%"" role=""progressbar"" aria-label=""47 percent""></div>
    </div>
  </div>

  <!-- SCRIPT FOR SCROLL ANIMATION -->
  <script>
    (function() {
      // Intersection Observer to animate only when visible
      const observer = new IntersectionObserver((entries) => {
        entries.forEach(entry => {
          if (entry.isIntersecting) {
            const bar = entry.target;
            const targetWidth = bar.getAttribute('data-width');
            bar.style.width = targetWidth;
            observer.unobserve(bar); // Run once then stop watching
          }
        });
      }, { threshold: 0.2 });

      // Attach observer to all bars
      document.querySelectorAll('.pg-bar').forEach(bar => {
        observer.observe(bar);
      });
    })();
  </script>
</div></div><p id=""""><strong id="""">Defining the Users: </strong>To keep the design focused, I synthesized my research into two core personas:</p><ul id=""""><li id=""""><strong id="""">The Career Climber:</strong> Needs efficiency and measurable progress to upskill for work.</li><li id=""""><strong id="""">The Curious Learner:</strong> Needs a fun, low-pressure way to explore creative hobbies.</li></ul><p id="""">Despite their different goals, both needed the same thing: <strong id="""">accountability.</strong></p><h2 id="""">Information Architecture</h2><p id=""""><strong id="""">Building a Structure that Makes Sense: </strong>I organized the app to minimize cognitive load. The architecture centers around the <strong id="""">Home Dashboard</strong> a single source of truth where users can see their daily tasks and progress at a glance.</p><p id="""">Surrounding this are the <strong id="""">Learning Hub</strong> (where resources live) and the <strong id="""">Profile</strong> (where achievements are celebrated).</p><div data-rt-embed-type='true'><div class=""portfolio-flowchart-widget"">
  <style>
    /* * THEME MAPPING
      * Background: Inherits Black (#000)
      * Card BG: #1a1a1a (Dark)
      * Text: #f0f0f0 (White)
      * Accents/Lines: #333 (Dark Grey) -> #bbb (Secondary Neutral on hover)
      */

    .portfolio-flowchart-widget {
      width: 100%;
      max-width: 1000px;
      margin: 0 auto;
      font-family: 'Inter', -apple-system, BlinkMacSystemFont, sans-serif;
      color: #f0f0f0;
      padding: 40px 20px;
      box-sizing: border-box;
    }

    /* --- LAYOUT UTILS --- */
    .flow-level {
      display: flex;
      justify-content: center;
      position: relative;
      padding-bottom: 40px;
    }

    .flow-grid-3 {
      display: grid;
      grid-template-columns: 1fr 1fr 1fr;
      gap: 20px;
      width: 100%;
    }

    /* --- CARDS --- */
    .flow-card {
      background-color: #1a1a1a;
      border: 1px solid #333;
      border-radius: 12px;
      padding: 24px;
      position: relative;
      transition: all 0.3s ease;
      z-index: 2;
      box-shadow: 0 4px 6px rgba(0,0,0,0.5);
      
      /* UPDATED: Center text content */
      text-align: center;
      
      /* CHANGED: Initial state is hidden, animation applied via JS class */
      opacity: 0; 
      transform: translateY(20px);
    }

    /* The class added by JS on scroll */
    .flow-card.in-view {
      animation: flow-fade-up 0.6s ease forwards;
    }

    .flow-card:hover {
      border-color: #bbb;
      transform: translateY(-5px); /* Note: This transforms on top of the animation final state */
      box-shadow: 0 10px 20px rgba(255, 255, 255, 0.05);
    }

    .fc-title {
      font-size: 1.1rem;
      font-weight: 700;
      margin-bottom: 8px;
      color: #f0f0f0;
    }

    .fc-desc {
      font-size: 0.85rem;
      line-height: 1.5;
      color: #bbb; /* Secondary Neutral */
    }

    /* --- CONNECTOR LINES (Desktop) --- */
    .has-line-down::after {
      content: '';
      position: absolute;
      bottom: -40px;
      left: 50%;
      width: 2px;
      height: 40px;
      background-color: #333;
      transform: translateX(-50%);
      z-index: 1;
    }

    .branch-connector {
      position: absolute;
      top: -20px;
      left: 16.66%; 
      right: 16.66%; 
      height: 20px;
      border-top: 2px solid #333;
      border-left: 2px solid #333;
      border-right: 2px solid #333;
      z-index: 1;
    }
    
    .branch-connector::after {
      content: '';
      position: absolute;
      top: -20px;
      left: 50%;
      height: 20px;
      width: 2px;
      background-color: #333;
      transform: translateX(-50%);
    }

    .flow-grid-3 .flow-card::before {
      content: '';
      position: absolute;
      top: -20px;
      left: 50%;
      height: 20px;
      width: 2px;
      background-color: #333;
      transform: translateX(-50%);
    }

    /* --- SPECIAL: DASHED ARROW --- */
    .middle-row-wrapper {
      display: flex;
      align-items: center;
      gap: 40px;
      position: relative;
    }

    .dashed-connector {
      flex-grow: 1;
      height: 2px;
      background-image: linear-gradient(to right, #333 50%, transparent 50%);
      background-size: 10px 100%;
      position: relative;
      min-width: 50px;
      opacity: 0; /* Also hide connector initially */
      transition: opacity 0.6s ease 0.3s;
    }
    
    /* Reveal connector when parent section is viewed */
    .middle-row-wrapper.in-view-wrapper .dashed-connector {
      opacity: 1;
    }

    .dashed-connector::after {
      content: '►';
      position: absolute;
      right: -6px;
      top: -7px;
      color: #333;
      font-size: 12px;
    }

    /* --- ANIMATION DELAYS --- */
    .delay-1 { animation-delay: 0.1s; }
    .delay-2 { animation-delay: 0.3s; }
    .delay-3 { animation-delay: 0.5s; } 
    .delay-4 { animation-delay: 0.7s; } 

    @keyframes flow-fade-up {
      from { opacity: 0; transform: translateY(20px); }
      to { opacity: 1; transform: translateY(0); }
    }

    /* --- MOBILE RESPONSIVE --- */
    @media (max-width: 768px) {
      .flow-grid-3 { grid-template-columns: 1fr; gap: 40px; }
      .middle-row-wrapper { flex-direction: column; gap: 40px; }
      .branch-connector, .dashed-connector, .has-line-down::after { display: none; }
      .flow-grid-3 .flow-card::before { display: none; }
      .portfolio-flowchart-widget { padding-left: 10px; }
      .flow-card { margin-bottom: 10px; }
      .flow-level::after, .middle-row-wrapper::after { display: none; }
      
      .flow-card::after {
        content: '';
        position: absolute;
        bottom: -42px;
        left: 50%;
        width: 2px;
        height: 40px;
        background-color: #333;
        transform: translateX(-50%);
        z-index: 0;
      }
      
      .flow-grid-3 .flow-card:last-child::after { display: none; }
      .middle-row-wrapper .flow-card:last-child::after { display: block; }
      .desktop-only-line { display: none !important; }
    }
  </style>

  <div class=""flow-level"">
    <div class=""flow-card has-line-down delay-1"" style=""max-width: 600px;"">
      <div class=""fc-title"">Onboarding & Learning Setup</div>
      <div class=""fc-desc"">User enters skills, time availability, and pace. AI generates personalized schedule.</div>
    </div>
  </div>

  <div class=""flow-level"">
    <div class=""middle-row-wrapper"">
      
      <div class=""flow-card delay-2"" style=""max-width: 350px;"">
        <div class=""fc-title"">Home (Dashboard)</div>
        <div class=""fc-desc"">Central hub for tracking progress, upcoming lessons, and AI recommendations.</div>
        <div style=""position:absolute; bottom:-40px; left:50%; width:2px; height:40px; background:#333; transform:translateX(-50%);"" class=""desktop-only-line""></div>
      </div>

      <div class=""dashed-connector""></div>

      <div class=""flow-card delay-3"" style=""max-width: 300px;"">
        <div class=""fc-title"">Profile (Top Corner)</div>
        <div class=""fc-desc"">Achievements, Badges, Settings, and Schedule management.</div>
      </div>

    </div>
  </div>

  <div class=""flow-level"">
    <div style=""width: 100%;"">
      
      <div style=""position: relative; height: 20px; margin-bottom: 0px;"">
        <div class=""branch-connector""></div>
      </div>

      <div class=""flow-grid-3"">
        <div class=""flow-card delay-4"">
          <div class=""fc-title"">Flip Cards</div>
          <div class=""fc-desc"">AI-generated flashcards for reinforcement. Swipe to mark ""Mastered"" or ""Review Again"".</div>
        </div>

        <div class=""flow-card delay-4"">
          <div class=""fc-title"">AI Chatbot</div>
          <div class=""fc-desc"">Virtual tutor for Q&A, explanations, and voice interaction without disrupting flow.</div>
        </div>

        <div class=""flow-card delay-4"">
          <div class=""fc-title"">Learning Path</div>
          <div class=""fc-desc"">Structured step-by-step lessons, quizzes, difficulty adjustments, and resources.</div>
        </div>
      </div>

    </div>
  </div>

  <script>
    document.addEventListener(""DOMContentLoaded"", () => {
      // Create the observer
      const observer = new IntersectionObserver((entries, obs) => {
        entries.forEach(entry => {
          if (entry.isIntersecting) {
            // Add the class that triggers the animation
            entry.target.classList.add('in-view');
            
            // Special handling for the dashed connector wrapper
            if(entry.target.classList.contains('middle-row-wrapper')) {
                entry.target.classList.add('in-view-wrapper');
            }

            // Stop observing once animated (so it doesn't re-animate when scrolling up/down)
            obs.unobserve(entry.target);
          }
        });
      }, {
        root: null, // viewport
        threshold: 0.15 // Trigger when 15% of the element is visible
      });

      // Target all cards and the middle wrapper
      const targets = document.querySelectorAll('.flow-card, .middle-row-wrapper');
      targets.forEach(el => observer.observe(el));
    });
  </script>
</div></div><h2 id="""">User Flows</h2><p id=""""><strong id="""">Mapping the Happy Path: </strong>Before opening my design tools, I mapped out the critical journeys. My goal was to remove friction between ""opening the app"" and ""learning."" The flows below visualize the onboarding process and the core ""Daily Check-in"" loop.</p><h3 id="""">Flow 1: Onboarding and Schedule Creation</h3><div data-rt-embed-type='true'><div class=""portfolio-linear-flow"">
  <style>
    /* --- THEME SETTINGS --- */
    .portfolio-linear-flow {
      width: 100%;
      max-width: 700px;
      margin: 0 auto;
      font-family: 'Inter', -apple-system, BlinkMacSystemFont, sans-serif;
      color: #f0f0f0;
      padding: 60px 20px;
      box-sizing: border-box;
      position: relative;
    }

    /* --- COMMON CARD STYLES --- */
    .lf-card {
      background-color: #1a1a1a;
      border: 1px solid #333;
      border-radius: 12px;
      padding: 24px;
      text-align: center;
      position: relative;
      z-index: 5;
      transition: all 0.3s ease;
      box-shadow: 0 4px 10px rgba(0,0,0,0.5);
    }

    .lf-card:hover {
      border-color: #bbb;
      transform: translateY(-3px);
      box-shadow: 0 10px 20px rgba(255, 255, 255, 0.05);
    }

    /* --- TYPOGRAPHY --- */
    .lf-title {
      font-size: 1.15rem;
      font-weight: 700;
      margin-bottom: 8px;
      color: #f0f0f0;
    }

    .lf-desc {
      font-size: 0.9rem;
      line-height: 1.6;
      color: #bbb;
      margin-bottom: 0;
    }

    /* --- LAYOUT & ANIMATION --- */
    .lf-step-wrapper {
      display: flex;
      justify-content: center;
      margin-bottom: 50px; /* Space for arrow */
      position: relative;
      opacity: 0; /* Hidden for animation */
      transform: translateY(20px);
      transition: all 0.6s ease;
    }

    .lf-step-wrapper.visible {
      opacity: 1;
      transform: translateY(0);
    }

    /* Remove margin from last item */
    .lf-step-wrapper:last-child {
      margin-bottom: 0;
    }

    /* --- ARROW CONNECTORS --- */
    /* Adds the arrow below the card */
    .has-arrow::after {
      content: '↓';
      position: absolute;
      bottom: -40px;
      left: 50%;
      transform: translateX(-50%);
      color: #333;
      font-size: 24px;
      animation: bounce 2s infinite;
    }

    @keyframes bounce {
      0%, 20%, 50%, 80%, 100% {transform: translateX(-50%) translateY(0);}
      40% {transform: translateX(-50%) translateY(-5px);}
      60% {transform: translateX(-50%) translateY(-3px);}
    }

    /* --- SPECIAL: PACE GRID (Step 4) --- */
    .pace-grid {
      display: grid;
      grid-template-columns: 1fr 1fr 1fr;
      gap: 10px;
      margin-top: 20px;
      text-align: left;
    }

    .pace-item {
      background: rgba(255,255,255,0.05);
      padding: 10px;
      border-radius: 6px;
      font-size: 0.8rem;
      border: 1px solid transparent;
      transition: border-color 0.3s;
    }
    
    .lf-card:hover .pace-item {
      border-color: #333;
    }

    .pace-title {
      font-weight: 700;
      display: block;
      margin-bottom: 4px;
      color: #fff;
    }

    /* Mobile */
    @media (max-width: 600px) {
      .pace-grid { grid-template-columns: 1fr; }
    }
  </style>

  <!-- Step 1 -->
  <div class=""lf-step-wrapper has-arrow"">
    <div class=""lf-card"" style=""width: 100%;"">
      <div class=""lf-title"">User Opens the App</div>
      <div class=""lf-desc"">Welcome screen displays a brief introduction. User clicks ""Get Started"".</div>
    </div>
  </div>

  <!-- Step 2 -->
  <div class=""lf-step-wrapper has-arrow"">
    <div class=""lf-card"" style=""width: 100%;"">
      <div class=""lf-title"">Select or Enter Skill</div>
      <div class=""lf-desc"">App suggests skills or allows manual entry. User selects their target topic.</div>
    </div>
  </div>

  <!-- Step 3 -->
  <div class=""lf-step-wrapper has-arrow"">
    <div class=""lf-card"" style=""width: 100%;"">
      <div class=""lf-title"">Input Free Time</div>
      <div class=""lf-desc"">User defines availability per day (e.g., Mon 10-11 PM, Wed 8-9 AM).</div>
    </div>
  </div>

  <!-- Step 4 -->
  <div class=""lf-step-wrapper has-arrow"">
    <div class=""lf-card"" style=""width: 100%;"">
      <div class=""lf-title"">Choose Learning Pace</div>
      <div class=""pace-grid"">
        <div class=""pace-item"">
          <span class=""pace-title"">Short</span>
          15-30m
        </div>
        <div class=""pace-item"">
          <span class=""pace-title"">Normal</span>
          30-60m
        </div>
        <div class=""pace-item"">
          <span class=""pace-title"">Deep</span>
          1hr+
        </div>
      </div>
    </div>
  </div>

  <!-- Step 5 -->
  <div class=""lf-step-wrapper has-arrow"">
    <div class=""lf-card"" style=""width: 100%;"">
      <div class=""lf-title"">AI Generates Schedule</div>
      <div class=""lf-desc"">Processing inputs to create a custom plan. Displays Start Date, Duration, and a preview.</div>
    </div>
  </div>

  <!-- Step 6 (No Arrow) -->
  <div class=""lf-step-wrapper"">
    <div class=""lf-card"" style=""width: 100%;"">
      <div class=""lf-title"">Confirm & Start</div>
      <div class=""lf-desc"">User clicks ""Continue"", completing onboarding and entering the Dashboard.</div>
    </div>
  </div>

  <!-- Animation Script -->
  <script>
    (function() {
      const observer = new IntersectionObserver((entries) => {
        entries.forEach(entry => {
          if (entry.isIntersecting) {
            entry.target.classList.add('visible');
          }
        });
      }, { threshold: 0.15 });

      document.querySelectorAll('.lf-step-wrapper').forEach(step => {
        observer.observe(step);
      });
    })();
  </script>
</div></div><h3 id="""">Flow 2: Learning and Quiz Progression</h3><div data-rt-embed-type='true'><div class=""portfolio-logic-flow"">
  <style>
    /* --- THEME SETTINGS --- */
    .portfolio-logic-flow {
      width: 100%;
      max-width: 900px;
      margin: 0 auto;
      font-family: 'Inter', -apple-system, BlinkMacSystemFont, sans-serif;
      color: #f0f0f0;
      padding: 60px 20px;
      box-sizing: border-box;
      position: relative;
    }

    /* --- COMMON CARD STYLES --- */
    .lf-card {
      background-color: #1a1a1a;
      border: 1px solid #333;
      border-radius: 12px;
      padding: 24px;
      text-align: center;
      position: relative;
      z-index: 5;
      transition: all 0.3s ease;
      box-shadow: 0 4px 10px rgba(0,0,0,0.5);
    }

    .lf-card:hover {
      border-color: #bbb;
      transform: translateY(-3px);
      box-shadow: 0 10px 20px rgba(255, 255, 255, 0.05);
    }

    .lf-title {
      font-size: 1.1rem;
      font-weight: 700;
      margin-bottom: 8px;
      color: #f0f0f0;
    }

    .lf-desc {
      font-size: 0.9rem;
      line-height: 1.5;
      color: #bbb;
    }

    /* --- LAYOUT UTILS --- */
    .lf-step {
      display: flex;
      justify-content: center;
      margin-bottom: 40px;
      position: relative;
      opacity: 0; /* Hidden for animation */
      transform: translateY(20px);
      transition: all 0.6s ease;
    }

    .lf-step.visible {
      opacity: 1;
      transform: translateY(0);
    }

    .lf-max-w { max-width: 500px; width: 100%; }

    /* --- ARROW CONNECTORS (Vertical) --- */
    .has-arrow::after {
      content: '↓';
      position: absolute;
      bottom: -35px;
      left: 50%;
      transform: translateX(-50%);
      color: #333;
      font-size: 24px;
      animation: bounce 2s infinite;
    }

    @keyframes bounce {
      0%, 20%, 50%, 80%, 100% {transform: translateX(-50%) translateY(0);}
      40% {transform: translateX(-50%) translateY(-5px);}
      60% {transform: translateX(-50%) translateY(-3px);}
    }

    /* --- DECISION NODE --- */
    .lf-decision {
      border-color: #bbb; /* Highlight decision point */
    }

    /* --- THE BRANCHING SECTION --- */
    .lf-branch-wrapper {
      display: grid;
      grid-template-columns: 1fr 1fr; /* Split 50/50 */
      gap: 40px;
      margin-bottom: 40px;
      position: relative;
    }

    /* The ""Fork"" line connecting Decision to Branches */
    .lf-fork-line {
      position: absolute;
      top: -40px;
      left: 25%;
      right: 25%;
      height: 40px;
      border-top: 2px solid #333;
      border-left: 2px solid #333;
      border-right: 2px solid #333;
      border-top-left-radius: 12px;
      border-top-right-radius: 12px;
      z-index: 0;
    }

    /* Vertical line from Decision down to the Fork */
    .lf-fork-stem {
      position: absolute;
      top: -40px;
      left: 50%;
      height: 20px; /* Connects to the top of the fork */
      width: 2px;
      background: #333;
      transform: translateX(-50%);
    }

    /* Arrows at the end of the fork branches */
    .lf-branch-arrow {
      position: absolute;
      top: -15px;
      left: 50%;
      transform: translateX(-50%);
      color: #333;
      font-size: 20px;
    }

    /* --- THE MERGE SECTION --- */
    .lf-merge-lines {
      height: 40px;
      margin-top: -40px; /* Pull up into the gap */
      margin-bottom: 0px;
      position: relative;
    }

    /* The ""U"" shape connecting branches back to center */
    .lf-merge-bracket {
      position: absolute;
      top: 0;
      left: 25%;
      right: 25%;
      height: 40px;
      border-bottom: 2px solid #333;
      border-left: 2px solid #333;
      border-right: 2px solid #333;
      border-bottom-left-radius: 12px;
      border-bottom-right-radius: 12px;
      z-index: 0;
    }
    
    /* Small arrow pointing to the final node */
    .lf-merge-arrow {
      position: absolute;
      bottom: -15px;
      left: 50%;
      transform: translateX(-50%);
      color: #333;
      font-size: 24px;
    }

    /* --- RESPONSIVE MOBILE --- */
    @media (max-width: 768px) {
      .lf-branch-wrapper {
        grid-template-columns: 1fr; /* Stack branches */
        gap: 50px;
      }

      /* Hide complex lines on mobile */
      .lf-fork-line, .lf-fork-stem, .lf-merge-bracket, .lf-merge-lines {
        display: none;
      }

      /* Add simple arrows for stacked layout */
      .lf-col::after {
        content: '↓';
        display: block;
        margin: 15px auto 0 auto;
        color: #333;
        font-size: 24px;
      }
      
      .lf-col:last-child::after {
        display: block; /* Ensure arrow points to final step */
      }

      /* Fake the connection from Decision to first branch */
      .lf-decision-step::after {
        content: '↓';
      }
    }
  </style>

  <!-- Step 1: Dashboard -->
  <div class=""lf-step has-arrow"">
    <div class=""lf-card lf-max-w"">
      <div class=""lf-title"">User Opens the Home (Dashboard)</div>
      <div class=""lf-desc"">Dashboard displays current and upcoming lessons with a progress visual.</div>
    </div>
  </div>

  <!-- Step 2: Start Lesson -->
  <div class=""lf-step has-arrow"">
    <div class=""lf-card lf-max-w"">
      <div class=""lf-title"">User Starts a Lesson</div>
      <div class=""lf-desc"">Scrolls through sections.</div>
    </div>
  </div>

  <!-- Step 3: Quiz Start -->
  <div class=""lf-step has-arrow"">
    <div class=""lf-card lf-max-w"">
      <div class=""lf-title"">Completes Lesson & Starts Quiz</div>
      <div class=""lf-desc"">Lesson ends, ""Take Quiz"" button appears. Includes Multiple-choice & Fill-in-the-blank.</div>
    </div>
  </div>

  <!-- Step 4: Decision Point -->
  <div class=""lf-step lf-decision-step"" style=""margin-bottom: 60px;""> <!-- Extra margin for connector -->
    <div class=""lf-card lf-max-w lf-decision"">
      <div class=""lf-title"">Decision Point: Did the User Pass?</div>
      <div class=""lf-desc"">System evaluates score threshold (70%).</div>
    </div>
  </div>

  <!-- Step 5: BRANCHING (Pass vs Fail) -->
  <div class=""lf-branch-wrapper"">
    <!-- Visual Connectors (Desktop only) -->
    <div class=""lf-fork-stem""></div>
    <div class=""lf-fork-line""></div>

    <!-- Left Column: PASSED -->
    <div class=""lf-col lf-step visible"">
      <div class=""lf-card"" style=""height: 100%;"">
        <div class=""lf-branch-arrow"">↓</div>
        <div class=""lf-title"" style=""color: #fff;"">Score ≥ 70% (Passed)</div>
        <div class=""lf-desc"" style=""text-align: left; margin-top: 10px;"">
          • Receives corrections<br>
          • Next lesson unlocks<br>
          • Success message appears
        </div>
      </div>
    </div>

    <!-- Right Column: FAILED -->
    <div class=""lf-col lf-step visible"">
      <div class=""lf-card"" style=""height: 100%;"">
        <div class=""lf-branch-arrow"">↓</div>
        <div class=""lf-title"" style=""color: #bbb;"">Score < 70% (Failed)</div>
        <div class=""lf-desc"" style=""text-align: left; margin-top: 10px;"">
          • Explanations for mistakes<br>
          • Creates review lesson<br>
          • Must retake short quiz
        </div>
      </div>
    </div>
  </div>

  <!-- Visual Merge Connector -->
  <div class=""lf-merge-lines"">
    <div class=""lf-merge-bracket""></div>
    <div class=""lf-merge-arrow"">↓</div>
  </div>

  <!-- Step 6: Final Return -->
  <div class=""lf-step"">
    <div class=""lf-card lf-max-w"">
      <div class=""lf-title"">User Returns to Learning Path</div>
      <div class=""lf-desc"">Progress updated. Next lesson unlocked (if passed). User can proceed or review.</div>
    </div>
  </div>

  <!-- Animation Script -->
  <script>
    (function() {
      const observer = new IntersectionObserver((entries) => {
        entries.forEach(entry => {
          if (entry.isIntersecting) {
            entry.target.classList.add('visible');
          }
        });
      }, { threshold: 0.15 });

      document.querySelectorAll('.lf-step').forEach(step => {
        observer.observe(step);
      });
    })();
  </script>
</div></div><h3 id="""">Flow 3: Getting Help from the AI Chatbot</h3><div data-rt-embed-type='true'><div class=""portfolio-logic-flow"">
  <style>
    /* --- THEME SETTINGS --- */
    .portfolio-logic-flow {
      width: 100%;
      max-width: 900px;
      margin: 0 auto;
      font-family: 'Inter', -apple-system, BlinkMacSystemFont, sans-serif;
      color: #f0f0f0;
      padding: 60px 20px;
      box-sizing: border-box;
      position: relative;
    }

    /* --- COMMON CARD STYLES --- */
    .lf-card {
      background-color: #1a1a1a;
      border: 1px solid #333;
      border-radius: 12px;
      padding: 24px;
      text-align: center; /* Ensures everything inside is centered */
      position: relative;
      z-index: 5;
      transition: all 0.3s ease;
      box-shadow: 0 4px 10px rgba(0,0,0,0.5);
      width: 100%;
    }

    .lf-card:hover {
      border-color: #bbb;
      transform: translateY(-3px);
      box-shadow: 0 10px 20px rgba(255, 255, 255, 0.05);
    }

    .lf-title {
      font-size: 1.1rem;
      font-weight: 700;
      margin-bottom: 8px;
      color: #f0f0f0;
      text-align: center;
    }

    .lf-desc {
      font-size: 0.9rem;
      line-height: 1.5;
      color: #bbb;
      text-align: center; /* Enforce center alignment */
      display: block;
      width: 100%;
    }

    /* --- LAYOUT UTILS --- */
    .lf-step {
      display: flex;
      justify-content: center;
      margin-bottom: 50px; /* Space for arrow */
      position: relative;
      opacity: 0; /* Hidden for animation */
      transform: translateY(20px);
      transition: all 0.6s ease;
    }

    .lf-step.visible {
      opacity: 1;
      transform: translateY(0);
    }

    .lf-max-w { max-width: 600px; width: 100%; }

    /* --- ARROW CONNECTORS (Vertical) --- */
    .has-arrow::after {
      content: '↓';
      position: absolute;
      bottom: -40px;
      left: 50%;
      transform: translateX(-50%);
      color: #333;
      font-size: 28px;
      animation: bounce 2s infinite;
    }

    @keyframes bounce {
      0%, 20%, 50%, 80%, 100% {transform: translateX(-50%) translateY(0);}
      40% {transform: translateX(-50%) translateY(-5px);}
      60% {transform: translateX(-50%) translateY(-3px);}
    }

    /* --- RESPONSIVE --- */
    @media (max-width: 768px) {
      .lf-step { margin-bottom: 40px; }
      .has-arrow::after { bottom: -35px; }
    }
  </style>

  <div class=""lf-step has-arrow"">
    <div class=""lf-card lf-max-w"">
      <div class=""lf-title"">User Accesses the Chatbot</div>
      <div class=""lf-desc"">
        Accessible via the bottom navigation bar (except during quizzes).<br>
        The user taps the AI Chatbot icon to open the assistant.
      </div>
    </div>
  </div>

  <div class=""lf-step has-arrow"">
    <div class=""lf-card lf-max-w"">
      <div class=""lf-title"">User Inputs a Question or Request</div>
      <div class=""lf-desc"">
        • Types a custom question<br>
        • Uses voice input to speak the question
      </div>
    </div>
  </div>

  <div class=""lf-step has-arrow"">
    <div class=""lf-card lf-max-w"">
      <div class=""lf-title"">Chatbot Generates a Response</div>
      <div class=""lf-desc"">
        AI provides a text-based explanation and links to relevant lessons or TED talks. 
        It may also suggest a quick quiz or flashcard review.
      </div>
    </div>
  </div>

  <div class=""lf-step has-arrow"">
    <div class=""lf-card lf-max-w"">
      <div class=""lf-title"">User Engages with Additional Features</div>
      <div class=""lf-desc"">
        <strong>Voice Mode:</strong> Switch to talk/listen mode.<br>
        <strong>Knowledge Check:</strong> Bot asks follow-up questions to ensure understanding and identify weak areas.
      </div>
    </div>
  </div>

  <div class=""lf-step"">
    <div class=""lf-card lf-max-w"">
      <div class=""lf-title"">User Returns to Learning</div>
      <div class=""lf-desc"">
        User closes the chatbot to continue their lesson. The system records the interaction to modify future lesson recommendations.
      </div>
    </div>
  </div>

  <script>
    (function() {
      const observer = new IntersectionObserver((entries) => {
        entries.forEach(entry => {
          if (entry.isIntersecting) {
            entry.target.classList.add('visible');
          }
        });
      }, { threshold: 0.15 });

      document.querySelectorAll('.lf-step').forEach(step => {
        observer.observe(step);
      });
    })();
  </script>
</div></div><h2 id="""">Visual Strategy &amp; Localization</h2><p id=""""><strong id="""">Designing for Global Users (LTR &amp; RTL): </strong>SkillTrack is designed to be accessible in both Left-to-Right (English) and Right-to-Left (Arabic/Hebrew) languages. However, I avoided blindly mirroring every single element.</p><p id=""""><strong id="""">The Strategy: Adaptive Content, Fixed Navigation: </strong>While I mirrored the visual flow of text, progress bars, and directional icons to match the natural reading order of RTL users, I made a strategic decision to keep the <strong id="""">Bottom Navigation</strong> consistent in both versions.<strong id="""">‍</strong></p><p id=""""><strong id="""">Why?</strong> To preserve muscle memory. The thumb learns where key actions live. By anchoring the core navigation in the same spot, I ensure that the physical interaction remains familiar, even if the language settings change.</p><h2 id="""">Prototyping &amp; Interaction Design</h2><div data-rt-embed-type='true'><div id=""prototype"" class=""portfolio-prototype-section"">
  <style>
    /* --- SECTION STYLES --- */
    .portfolio-prototype-section {
      width: 100%;
      /* LIMIT WIDTH: Keeps it phone-sized */
      max-width: 400px; 
      
      /* ALIGNMENT: 60px top/bottom, 0 left/right (Left Aligned) */
      margin: 60px 0; 
      
      font-family: 'Inter', -apple-system, BlinkMacSystemFont, sans-serif;
      box-sizing: border-box;
      scroll-margin-top: 100px; /* Optional: Adds breathing room when scrolling to ID */
    }

    /* --- CONTAINER (DESKTOP) --- */
    .proto-embed-wrapper {
      background-color: #1a1a1a;
      border: 1px solid #333;
      border-radius: 20px;
      overflow: hidden;
      box-shadow: 0 10px 30px rgba(0,0,0,0.5);
      position: relative;
      width: 100%;
      /* ASPECT RATIO: 9:18 approx (Portrait Phone) */
      padding-bottom: 200%; 
    }

    .proto-embed-wrapper iframe {
      position: absolute;
      top: 0;
      left: 0;
      width: 100%;
      height: 100%;
      border: none;
    }

    /* --- MOBILE FALLBACK MESSAGE --- */
    .mobile-fallback {
      display: none; /* Hidden on Desktop */
      background-color: #1a1a1a;
      border: 1px solid #333;
      border-radius: 12px;
      padding: 40px 20px;
      text-align: left; 
      color: #f0f0f0;
      max-width: 100%; 
    }

    .mf-icon {
      font-size: 32px;
      margin-bottom: 15px;
      display: block;
    }

    .mf-title {
      font-size: 1.1rem;
      font-weight: 700;
      margin-bottom: 10px;
      color: #fff;
    }

    .mf-desc {
      font-size: 0.9rem;
      color: #bbb;
      margin-bottom: 20px;
      line-height: 1.5;
    }

    .mf-button {
      display: inline-block;
      padding: 10px 20px;
      background-color: #333;
      color: #fff;
      text-decoration: none;
      border-radius: 6px;
      font-size: 0.9rem;
      transition: background 0.2s;
    }

    .mf-button:hover {
      background-color: #444;
    }

    /* --- RESPONSIVE LOGIC --- */
    @media (max-width: 768px) {
      .portfolio-prototype-section {
        max-width: 100%; /* Full width on mobile */
        margin: 40px 0;
      }
      .proto-embed-wrapper {
        display: none;
      }
      .mobile-fallback {
        display: block;
      }
    }
  </style>

  <div class=""proto-embed-wrapper"">
    <iframe 
      src=""https://embed.figma.com/proto/iUNq23FXDRyONkrSUE0ARU/Georges-Baradehi---Designing-a-Mobile-App-Experience?node-id=393-3206&p=f&scaling=scale-down&content-scaling=fixed&page-id=376%3A1732&starting-point-node-id=393%3A3185&embed-host=share"" 
      allowfullscreen 
      loading=""lazy""
      title=""Interactive App Prototype by Georges Baradehi""
      aria-label=""Interactive App Prototype"">
    </iframe>
  </div>

  <div class=""mobile-fallback"">
    <span class=""mf-icon"">📱</span>
    <div class=""mf-title"">Tap to View Prototype</div>
    <div class=""mf-desc"">
      Since this screen is small, the interactive prototype is best viewed in a full browser window.
    </div>
    <a href=""https://embed.figma.com/proto/iUNq23FXDRyONkrSUE0ARU/Georges-Baradehi---Designing-a-Mobile-App-Experience?node-id=393-3206&p=f&scaling=scale-down&content-scaling=fixed&page-id=376%3A1732&starting-point-node-id=393%3A3185&embed-host=share"">
      Open Prototype ↗
    </a>
  </div>

</div></div>","<h3 id="""">Reflections</h3><p id=""""><strong id="""">What I Learned: </strong>SkillTrack taught me that gamification is a delicate balance. It’s not just about slapping badges on a screen; it’s about creating meaningful feedback loops that make the user feel accomplished.</p><p id=""""><strong>Next Steps:</strong> If I were to continue developing this product, I would introduce <strong id="""">Social Accountability</strong> features. Allowing users to share milestones with friends could be the final piece of the puzzle to solve the motivation problem.</p>",https://cdn.prod.website-files.com/692486acb16e64066a373b89/692df2ad42d48a508bb5e37d_Illustrations%20Sample.png,https://cdn.prod.website-files.com/692486acb16e64066a373b89/692dd458294883b1ba2b8ad2_Color%20Palette%20(2).png,https://cdn.prod.website-files.com/692486acb16e64066a373b89/692dddbbdc4501e77e621e8a_Interactive%20Components%20(2).png,https://cdn.prod.website-files.com/692486acb16e64066a373b89/692e0355f45e3b0200664c56_SkillTrack_Right-to-left-arabic-screen_UX-UI-design_by_Georges-baradehi.png,,,https://cdn.prod.website-files.com/692486acb16e64066a373b89/692e069324b3277ebe782ecf_SkillTrack-screens_UX-UI-design_by_Georges-baradehi.jpg,#prototype,https://cdn.prod.website-files.com/692486acb16e64066a373b89/692b4a47623c7a7a23aa1aa9_Maher-Berro-UX-UI-AUB-Faculty-Profile.jpg,Maher Berro,Senior UX/ UI Lecturer at A.U.B,"""Great research and plan You could have further elevated the interactions and wireframes.""",smart-enseignes,2,1
Smart enseignes,smart-enseignes,692486acb16e64066a373ba8,692486acb16e64066a373b8a,692f93dabb1228cd9aa36594,false,false,Wed Dec 03 2025 01:35:22 GMT+0000 (Coordinated Universal Time),Sun Jan 04 2026 03:04:00 GMT+0000 (Coordinated Universal Time),Fri Jan 09 2026 16:28:44 GMT+0000 (Coordinated Universal Time),https://cdn.prod.website-files.com/692486acb16e64066a373b89/69307724ee29cf4ff0f84c48_Smart-enseinges-georges-baradehi-web-design.jpg,UX/UI & Web Design,2023,Signage,A premium digital showroom for high-end signage.,"<h2 id="""">Introduction</h2><p id=""""><strong id="""">The Challenge: </strong>Smart Enseignes has been crafting luxury signage for hotels and boutiques in Nice, Cannes, and Monaco since 1979. However, their previous website didn't reflect the premium quality of their physical work.</p><p id=""""><strong id="""">The Goal: </strong>They needed a complete digital overhaul. The goal was to build a site that felt less like a brochure and more like a high-end catalogue one that would immediately distinguish them from competitors who were stuck with outdated, clunky websites.</p><h2 id="""">Design &amp; Adaptation</h2><p id=""""><strong id="""">Expanding the Visual System: </strong>I started with a specific art direction dark backgrounds to let the neon and metal work ""pop."" While I had a few initial UI screens to work from, my role was to expand this style into a comprehensive design system.</p><p id="""">I designed the remaining layouts to ensure consistency, creating a mood that feels industrial yet elegant. The result is a seamless experience where the digital interface recedes, allowing the colorful product photography to take center stage.</p><h2 id="""">Webflow Development</h2><p id=""""><strong id="""">Empowering the Client with CMS: </strong>A portfolio site is useless if it's hard to update. I utilized Webflow's <strong id="""">CMS</strong> to build a dynamic ""Realizations"" gallery.</p><ul id=""""><li id=""""><strong id="""">Advanced Filtering:</strong> I implemented a custom search bar and filtering system, allowing potential clients to instantly sort through years of work to find exactly what they need (e.g., ""Neon,"" ""Metal,"" or ""Interior"").</li><li id=""""><strong id="""">Client Autonomy:</strong> I set up the backend structure so the team at Smart Enseignes can upload new projects, photos, and descriptions in minutes without needing to touch a line of code.</li></ul><h2 id="""">Performance &amp; Compliance</h2><p id=""""><strong id="""">Fast, Visible, and Legal: </strong>A high-end website needs to perform as well as it looks.</p><ul id=""""><li id=""""><strong id="""">Speed &amp; SEO:</strong> Through careful asset optimization and clean code structure, I achieved top-tier <strong id="""">Google PageSpeed</strong> scores. This technical foundation helped the site rank highly for local keywords in the Riviera region.</li><li id=""""><strong id="""">GDPR Adherence:</strong> I implemented a fully compliant cookie consent system and privacy structure. I ensured the site adheres to strict EU data regulations without cluttering the UI or disrupting the user experience with intrusive pop-ups.</li></ul><div data-rt-embed-type='true'><div class=""pagespeed-widget-wrapper"">
  <style>
    /* --- THEME INHERITANCE (Matches your Flowchart Widget) --- */
    .pagespeed-widget-wrapper {
      width: 100%;
      max-width: 1000px; /* Matching your widget width */
      margin: 0 auto;
      font-family: 'Inter', -apple-system, BlinkMacSystemFont, sans-serif;
      color: #f0f0f0;
      padding: 40px 20px;
      box-sizing: border-box;
    }

    /* --- GRID LAYOUT --- */
    .ps-grid {
      display: grid;
      grid-template-columns: repeat(4, 1fr); /* 4 Columns */
      gap: 20px;
      width: 100%;
    }

    /* --- CARDS (Identical to .flow-card) --- */
    .ps-card {
      background-color: #1a1a1a;
      border: 1px solid #333;
      border-radius: 12px;
      padding: 30px 20px;
      display: flex;
      flex-direction: column;
      align-items: center;
      justify-content: center;
      position: relative;
      transition: all 0.3s ease;
      box-shadow: 0 4px 6px rgba(0,0,0,0.5);
      
      /* Animation Initial State */
      opacity: 0; 
      transform: translateY(20px);
    }

    /* Hover Effect (Matches your widget) */
    .ps-card:hover {
      border-color: #bbb;
      transform: translateY(-5px);
      box-shadow: 0 10px 20px rgba(255, 255, 255, 0.05);
    }

    /* Animation Trigger Class */
    .ps-card.in-view {
      animation: ps-fade-up 0.6s ease forwards;
    }

    /* --- CIRCULAR GAUGE --- */
    .gauge-container {
      position: relative;
      width: 100px;
      height: 100px;
      margin-bottom: 16px;
    }

    .gauge-svg {
      transform: rotate(-90deg); /* Start from top */
      width: 100%;
      height: 100%;
    }

    .gauge-track {
      fill: none;
      stroke: #333; /* Dark Grey Track */
      stroke-width: 8;
    }

    .gauge-fill {
      fill: none;
      stroke: #0cce6b; /* PageSpeed Green */
      stroke-width: 8;
      stroke-linecap: round;
      stroke-dasharray: 251; /* Circumference of r=40 (2*pi*40) */
      stroke-dashoffset: 251; /* Start empty */
      transition: stroke-dashoffset 1.5s ease-out; /* Smooth fill animation */
    }

    .gauge-text {
      position: absolute;
      top: 50%;
      left: 50%;
      transform: translate(-50%, -50%);
      font-size: 1.8rem;
      font-weight: 700;
      color: #0cce6b;
    }

    /* --- LABELS --- */
    .ps-label {
      font-size: 1rem;
      font-weight: 600;
      color: #f0f0f0;
      text-align: center;
    }

    /* --- ANIMATION KEYFRAMES --- */
    @keyframes ps-fade-up {
      from { opacity: 0; transform: translateY(20px); }
      to { opacity: 1; transform: translateY(0); }
    }

    /* --- RESPONSIVE --- */
    @media (max-width: 768px) {
      .ps-grid {
        grid-template-columns: 1fr 1fr; /* 2x2 on Tablets */
      }
    }

    @media (max-width: 480px) {
      .ps-grid {
        grid-template-columns: 1fr; /* Stack on Mobile */
      }
    }
  </style>

  <div class=""ps-grid"">
    
    <div class=""ps-card"" data-score=""97"">
      <div class=""gauge-container"">
        <svg class=""gauge-svg"" viewBox=""0 0 100 100"">
          <circle class=""gauge-track"" cx=""50"" cy=""50"" r=""40""></circle>
          <circle class=""gauge-fill"" cx=""50"" cy=""50"" r=""40""></circle>
        </svg>
        <div class=""gauge-text"">97</div>
      </div>
      <div class=""ps-label"">Performance</div>
    </div>

    <div class=""ps-card"" style=""animation-delay: 0.1s;"" data-score=""95"">
      <div class=""gauge-container"">
        <svg class=""gauge-svg"" viewBox=""0 0 100 100"">
          <circle class=""gauge-track"" cx=""50"" cy=""50"" r=""40""></circle>
          <circle class=""gauge-fill"" cx=""50"" cy=""50"" r=""40""></circle>
        </svg>
        <div class=""gauge-text"">95</div>
      </div>
      <div class=""ps-label"">Accessibility</div>
    </div>

    <div class=""ps-card"" style=""animation-delay: 0.2s;"" data-score=""100"">
      <div class=""gauge-container"">
        <svg class=""gauge-svg"" viewBox=""0 0 100 100"">
          <circle class=""gauge-track"" cx=""50"" cy=""50"" r=""40""></circle>
          <circle class=""gauge-fill"" cx=""50"" cy=""50"" r=""40""></circle>
        </svg>
        <div class=""gauge-text"">100</div>
      </div>
      <div class=""ps-label"">Best Practices</div>
    </div>

    <div class=""ps-card"" style=""animation-delay: 0.3s;"" data-score=""92"">
      <div class=""gauge-container"">
        <svg class=""gauge-svg"" viewBox=""0 0 100 100"">
          <circle class=""gauge-track"" cx=""50"" cy=""50"" r=""40""></circle>
          <circle class=""gauge-fill"" cx=""50"" cy=""50"" r=""40""></circle>
        </svg>
        <div class=""gauge-text"">92</div>
      </div>
      <div class=""ps-label"">SEO</div>
    </div>

  </div>

  <script>
    document.addEventListener(""DOMContentLoaded"", () => {
      // Logic: 2 * PI * Radius (40) = approx 251
      const circumference = 251;

      const observer = new IntersectionObserver((entries, obs) => {
        entries.forEach(entry => {
          if (entry.isIntersecting) {
            const card = entry.target;
            
            // 1. Trigger the Fade Up Animation
            card.classList.add('in-view');

            // 2. Trigger the Ring Fill Animation
            const score = card.getAttribute('data-score');
            const circle = card.querySelector('.gauge-fill');
            
            // Calculate offset: 251 - (251 * score / 100)
            const offset = circumference - (score / 100) * circumference;
            
            // Apply after a tiny timeout to ensure CSS transition catches it
            setTimeout(() => {
              circle.style.strokeDashoffset = offset;
            }, 200);

            // Stop observing this element
            obs.unobserve(card);
          }
        });
      }, {
        root: null,
        threshold: 0.2 // Trigger when 20% visible
      });

      const cards = document.querySelectorAll('.ps-card');
      cards.forEach(card => observer.observe(card));
    });
  </script>
</div></div>","<h2 id="""">Impact</h2><p id=""""><strong id="""">A Competitive Advantage: </strong>The redesign didn't just look good; it changed the sales conversation. The client reported that new leads frequently mention the quality of the website during their first phone call.</p><p id="""">In an industry where competitors often have neglected online presences, this website has become a tool that validates Smart Enseignes' expertise before the customer even walks through the door.</p>",https://cdn.prod.website-files.com/692486acb16e64066a373b89/6934513d4a37218a01b18dbc_Smart-enseignes-logo-Georges-baradehi-designer.png,https://cdn.prod.website-files.com/692486acb16e64066a373b89/6930ca501bd85d56ca016583_Smart-enseignes-logo-webdesign-georges-baradehi.svg,https://cdn.prod.website-files.com/692486acb16e64066a373b89/6930eb2eed197fb206e7eec9_ScreenRecording2025-12-04at00.50.05-ezgif.com-video-to-webp-converter.webp,https://cdn.prod.website-files.com/692486acb16e64066a373b89/6930efc71b4d674d578ca804_RGPD-compliance-website.jpg,,,https://cdn.prod.website-files.com/692486acb16e64066a373b89/6935ff29d9e7a43d26ad279c_Web-design_georges-baradehi_smart-enseignes.jpg,https://www.smartenseignes.com/,,,,,skilltrack,1,2
choisir roquefort,choisir-roquefort,692486acb16e64066a373ba8,692486acb16e64066a373b8a,693227b8689fad15e0a7d441,false,false,Fri Dec 05 2025 00:30:48 GMT+0000 (Coordinated Universal Time),Thu Mar 26 2026 13:23:07 GMT+0000 (Coordinated Universal Time),Thu Mar 26 2026 13:23:26 GMT+0000 (Coordinated Universal Time),https://cdn.prod.website-files.com/692486acb16e64066a373b89/69344f79b4409f359abc66a7_choisir-roquefort_webdesign_georges-baradehi.jpg,Web Design,2025,Politics,A digital headquarters for a modern political campaign.,"<h2 id="""">Introduction</h2><p id=""""><strong id="""">The Challenge: Clarity in Politics: </strong>Ewan Corinaldesi is running for mayor of Roquefort-les-Pins in 2026. In local elections, the biggest hurdle isn't just having good ideas, it's getting those ideas across clearly. He needed a platform that felt personal, professional, and accessible to every generation of voter.</p><p id=""""><strong id="""">The Solution: </strong>I designed and built <a href=""https://choisirroquefort.fr/"" target=""_blank"">choisirroquefort.fr</a> as the central hub for his campaign. It’s more than just a biography; it’s a living manifesto designed to present his team, his vision, and his program without the visual clutter often found in political sites.</p><h2 id="""">Design &amp; Branding</h2><p id=""""><strong id="""">From Logo to Design System: </strong>The campaign team provided a logo, but they needed a full digital identity. I expanded their existing branding into a cohesive UI system.</p><ul id=""""><li id=""""><strong id="""">Trust-First UI:</strong> I prioritized whitespace and legible typography to ensure the candidate's message was easy to read, whether for a first-time voter or a senior citizen.</li><li id=""""><strong id="""">Navigation Strategy:</strong> The site structure is intentionally flat. I wanted voters to find the ""Project"" (Program) and ""Team"" sections in a single click, reducing friction between interest and information.</li></ul><h2 id="""">Webflow Development</h2><p id=""""><strong id="""">Built for Agility &amp; Action: </strong>A political campaign needs to move fast and capture momentum.</p><ul id=""""><li id=""""><strong id="""">Autonomy (CMS):</strong> I built custom back-end collections for <strong id="""">News</strong> and <strong id="""">Team Members</strong>, allowing the staff to publish updates instantly without needing to touch a line of code.</li><li id=""""><strong id="""">Fundraising Integration:</strong> I seamlessly integrated <strong id="""">Donorbox</strong> to handle campaign donations. This turned the site into a secure fundraising tool, allowing supporters to contribute in seconds without navigating away from the branded experience.</li></ul><h2 id="""">Service &amp; Support</h2><p id=""""><strong id="""">Reliable Post-Launch Care: </strong>I don't just deliver the code and disappear. I treat ongoing support as a standard part of my service.</p><p id="""">Although the site is designed for autonomy, I remain fully available to assist the team. Whether they face a technical hurdle or need urgent help with a specific update, they know they can call me and get a quick resolution.</p><h2 id="""">Responsive Experience</h2><p id=""""><strong id="""">Campaigning in Your Pocket: </strong>Knowing that most constituents would access the site via social media links on their phones, I adopted a mobile-first approach.</p><p id="""">The site is fully responsive, ensuring that long-form text (like the manifesto) remains readable on small screens, and the ""Join the Committee"" CTA is always within thumb's reach.</p>","<h2 id="""">Impact</h2><p id=""""><strong id="""">A Professional Standard &amp; Search Dominance: </strong>The website establishes immediate credibility. By moving away from generic templates, the campaign signals that they are serious, organized, and ready to lead.</p><p id="""">The results speak for themselves: the site has achieved an average <strong id="""">Google Search position of 2.8</strong>, with a massive <strong id="""">41.3% Click-Through Rate</strong>. This ensures that when voters search for local issues, they find the candidate's official platform first not rumors or news snippets.</p><div data-rt-embed-type='true'><div class=""gsc-wrapper"">
  <style>
    /* --- THEME SETTINGS --- */
    .gsc-wrapper {
      width: 100%;
      max-width: 1000px;
      margin: 0 auto;
      font-family: 'Inter', -apple-system, BlinkMacSystemFont, sans-serif;
      color: #f0f0f0;
      padding: 40px 20px;
      box-sizing: border-box;
    }

    /* --- GRID LAYOUT --- */
    .gsc-stats-grid {
      display: grid;
      grid-template-columns: repeat(4, 1fr);
      gap: 20px;
      margin-bottom: 24px;
    }

    /* --- COLORS --- */
    :root {
      --gsc-blue: #4285F4;
      --gsc-purple: #A142F4;
      --gsc-teal: #3BB1A1;
      --gsc-orange: #E78235;
      --gsc-grey-text: #bbb;
      --gsc-grey-border: #333;
      --gsc-bg: #1a1a1a;
    }

    /* --- CARDS --- */
    .gsc-card {
      background-color: var(--gsc-bg);
      border: 1px solid var(--gsc-grey-border);
      
      /* Top border is grey by default (inactive state) */
      border-top: 3px solid var(--gsc-grey-border); 
      
      border-radius: 12px;
      padding: 24px 20px;
      display: flex;
      flex-direction: column;
      justify-content: flex-start;
      position: relative;
      transition: all 0.3s ease;
      box-shadow: 0 4px 10px rgba(0,0,0,0.5); /* Base shadow matches LF card */
      cursor: pointer;
      opacity: 0; 
      transform: translateY(20px);
      user-select: none;
    }

    /* --- HOVER EFFECT (Exact match to Portfolio Logic Flow) --- */
    .gsc-card:hover {
      border-color: #bbb; /* Lightens all borders */
      transform: translateY(-3px);
      box-shadow: 0 10px 20px rgba(255, 255, 255, 0.05); /* The White Glow */
    }

    /* --- ACTIVE STATE COLORS --- */
    /* High specificity ensures top border stays colored even on hover */
    .gsc-card.active[data-metric=""clicks""] { border-top-color: var(--gsc-blue); }
    .gsc-card.active[data-metric=""impressions""] { border-top-color: var(--gsc-purple); }
    .gsc-card.active[data-metric=""ctr""] { border-top-color: var(--gsc-teal); }
    .gsc-card.active[data-metric=""position""] { border-top-color: var(--gsc-orange); }

    /* --- CARD TYPOGRAPHY --- */
    .gsc-label {
      font-size: 0.85rem;
      color: var(--gsc-grey-text);
      margin-bottom: 8px;
      display: flex;
      align-items: center;
      gap: 6px;
      transition: color 0.3s ease;
    }

    .gsc-value {
      font-size: 2rem;
      font-weight: 700;
      color: #fff;
      line-height: 1.1;
      transition: color 0.3s ease;
    }

    /* Color text when active */
    .gsc-card.active[data-metric=""clicks""] .gsc-label, .gsc-card.active[data-metric=""clicks""] .gsc-value { color: var(--gsc-blue); }
    .gsc-card.active[data-metric=""impressions""] .gsc-label, .gsc-card.active[data-metric=""impressions""] .gsc-value { color: var(--gsc-purple); }
    .gsc-card.active[data-metric=""ctr""] .gsc-label, .gsc-card.active[data-metric=""ctr""] .gsc-value { color: var(--gsc-teal); }
    .gsc-card.active[data-metric=""position""] .gsc-label, .gsc-card.active[data-metric=""position""] .gsc-value { color: var(--gsc-orange); }


    /* --- CHART CONTAINER --- */
    .gsc-chart-card {
      background-color: var(--gsc-bg);
      border: 1px solid var(--gsc-grey-border);
      border-radius: 12px;
      padding: 20px;
      position: relative;
      opacity: 0;
      transform: translateY(20px);
      transition: all 0.3s ease;
    }
    
    .gsc-chart-card:hover {
      border-color: #bbb;
      box-shadow: 0 10px 20px rgba(255, 255, 255, 0.05); /* Match hover here too */
    }

    /* --- SVG CHART STYLES --- */
    .gsc-svg { width: 100%; height: auto; display: block; overflow: visible; }
    .chart-grid { stroke: var(--gsc-grey-border); stroke-width: 1; }
    .chart-text { font-size: 10px; fill: #666; font-family: inherit; }

    /* The Data Lines */
    .chart-line {
      fill: none;
      stroke-width: 3;
      stroke-linecap: round;
      stroke-linejoin: round;
      stroke-dasharray: 1500;
      stroke-dashoffset: 1500;
      opacity: 0;
      transition: opacity 0.4s ease, stroke-dashoffset 2s ease-out;
    }

    .line-clicks { stroke: var(--gsc-blue); }
    .line-impressions { stroke: var(--gsc-purple); }
    .line-ctr { stroke: var(--gsc-teal); }
    .line-position { stroke: var(--gsc-orange); }

    .chart-line.visible {
      opacity: 1;
      stroke-dashoffset: 0 !important;
    }

    /* --- ANIMATION --- */
    .gsc-in-view { animation: gsc-fade-up 0.6s ease forwards; }
    @keyframes gsc-fade-up { from { opacity: 0; transform: translateY(20px); } to { opacity: 1; transform: translateY(0); } }

    /* --- RESPONSIVE --- */
    @media (max-width: 768px) {
      .gsc-stats-grid { grid-template-columns: 1fr 1fr; }
      .gsc-value { font-size: 1.6rem; }
    }
    @media (max-width: 480px) {
      .gsc-stats-grid { gap: 12px; }
      .gsc-card { padding: 16px; }
      .chart-text { font-size: 8px; }
    }
  </style>

  <div class=""gsc-stats-grid"" role=""list"" aria-label=""Search Console Statistics"">
    
    <div class=""gsc-card"" data-metric=""clicks"" role=""button"" aria-pressed=""false"">
      <div class=""gsc-label"">
        <svg width=""14"" height=""14"" fill=""none"" stroke=""currentColor"" stroke-width=""2"" viewBox=""0 0 24 24""><path d=""M15 12a3 3 0 11-6 0 3 3 0 016 0z""/><path d=""M2.458 12C3.732 7.943 7.523 5 12 5c4.478 0 8.268 2.943 9.542 7-1.274 4.057-5.064 7-9.542 7-4.477 0-8.268-2.943-9.542-7z""/></svg>
        Total clicks
      </div>
      <div class=""gsc-value"">729</div>
    </div>

    <div class=""gsc-card"" style=""animation-delay: 0.1s;"" data-metric=""impressions"" role=""button"" aria-pressed=""false"">
      <div class=""gsc-label"">
        <svg width=""14"" height=""14"" fill=""none"" stroke=""currentColor"" stroke-width=""2"" viewBox=""0 0 24 24""><path d=""M9 19v-6a2 2 0 00-2-2H5a2 2 0 00-2 2v6a2 2 0 002 2h2a2 2 0 002-2zm0 0V9a2 2 0 012-2h2a2 2 0 012 2v10m-6 0a2 2 0 002 2h2a2 2 0 002-2m0 0V5a2 2 0 012-2h2a2 2 0 012 2v14a2 2 0 01-2 2h-2a2 2 0 01-2-2z""/></svg>
        Total impressions
      </div>
      <div class=""gsc-value"">1.76k</div>
    </div>

    <div class=""gsc-card active"" style=""animation-delay: 0.2s;"" data-metric=""ctr"" role=""button"" aria-pressed=""true"">
      <div class=""gsc-label"">
        <svg width=""14"" height=""14"" fill=""none"" stroke=""currentColor"" stroke-width=""2"" viewBox=""0 0 24 24""><path stroke-linecap=""round"" stroke-linejoin=""round"" d=""M9 12l2 2 4-4m6 2a9 9 0 11-18 0 9 9 0 0118 0z"" /></svg>
        Average CTR
      </div>
      <div class=""gsc-value"">41.3%</div>
    </div>

    <div class=""gsc-card active"" style=""animation-delay: 0.3s;"" data-metric=""position"" role=""button"" aria-pressed=""true"">
      <div class=""gsc-label"">
        <svg width=""14"" height=""14"" fill=""none"" stroke=""currentColor"" stroke-width=""2"" viewBox=""0 0 24 24""><path stroke-linecap=""round"" stroke-linejoin=""round"" d=""M17.657 16.657L13.414 20.9a1.998 1.998 0 01-2.827 0l-4.244-4.243a8 8 0 1111.314 0z"" /><path stroke-linecap=""round"" stroke-linejoin=""round"" d=""M15 11a3 3 0 11-6 0 3 3 0 016 0z"" /></svg>
        Average position
      </div>
      <div class=""gsc-value"">2.8</div>
    </div>
  </div>

  <div class=""gsc-chart-card"" style=""animation-delay: 0.4s;"">
    <svg class=""gsc-svg"" viewBox=""0 0 600 200"" preserveAspectRatio=""none"" role=""img"" aria-label=""Interactive line graph showing metric trends over time"">
      <line x1=""0"" y1=""50"" x2=""600"" y2=""50"" class=""chart-grid"" stroke-dasharray=""5,5"" opacity=""0.3"" />
      <line x1=""0"" y1=""100"" x2=""600"" y2=""100"" class=""chart-grid"" stroke-dasharray=""5,5"" opacity=""0.3"" />
      <line x1=""0"" y1=""150"" x2=""600"" y2=""150"" class=""chart-grid"" stroke-dasharray=""5,5"" opacity=""0.3"" />

      <path id=""line-clicks"" class=""chart-line line-clicks"" d=""M0,180 L30,180 L40,150 L50,70 L60,90 L70,80 L80,120 L100,70 L110,100 L120,160 L130,150 L140,100 L150,130 L170,120 L180,100 L190,150 L200,130 L210,60 L220,120 L230,140 L240,130 L260,135 L280,120 L300,140 L320,120 L340,90 L350,60 L370,90 L380,120 L400,90 L420,130 L440,140 L460,130 L480,80 L500,140 L520,130 L540,100 L560,130 L580,80 L590,70 L600,60"" />
      <path id=""line-impressions"" class=""chart-line line-impressions"" d=""M0,160 L40,140 L50,100 L60,120 L80,140 L100,150 L110,130 L130,160 L150,150 L170,155 L180,140 L200,145 L220,160 L240,130 L260,150 L280,135 L300,140 L320,135 L340,150 L360,170 L380,140 L400,150 L420,145 L440,140 L460,150 L480,130 L500,135 L520,145 L540,130 L560,140 L580,120 L600,130"" />
      <path id=""line-ctr"" class=""chart-line line-ctr visible"" d=""M0,80 L20,140 L40,130 L60,135 L80,125 L100,80 L120,180 L140,160 L160,80 L180,100 L200,85 L220,140 L240,120 L260,110 L280,130 L300,80 L320,120 L340,115 L360,100 L380,140 L400,80 L420,105 L440,110 L460,140 L480,145 L500,120 L520,140 L540,160 L560,120 L580,160 L600,110"" />
      <path id=""line-position"" class=""chart-line line-position visible"" d=""M0,120 L20,100 L40,110 L60,105 L80,108 L100,90 L120,105 L140,110 L160,95 L180,110 L200,160 L220,90 L240,100 L260,95 L280,105 L300,90 L320,85 L340,90 L360,88 L380,95 L400,120 L420,100 L440,95 L460,98 L480,130 L500,110 L520,115 L540,85 L560,95 L580,105 L600,90"" />

      <text x=""10"" y=""190"" class=""chart-text"">25/09</text>
      <text x=""150"" y=""190"" class=""chart-text"">13/10</text>
      <text x=""300"" y=""190"" class=""chart-text"">31/10</text>
      <text x=""450"" y=""190"" class=""chart-text"">18/11</text>
      <text x=""560"" y=""190"" class=""chart-text"">30/11</text>
    </svg>
  </div>

  <script>
    document.addEventListener(""DOMContentLoaded"", () => {
      const cards = document.querySelectorAll('.gsc-card');
      
      function updateChart() {
        cards.forEach(card => {
          const metric = card.getAttribute('data-metric');
          const line = document.getElementById(`line-${metric}`);
          const isActive = card.classList.contains('active');
          
          card.setAttribute('aria-pressed', isActive);
          
          if (line) {
            if (isActive) {
              line.classList.add('visible');
            } else {
              line.classList.remove('visible');
            }
          }
        });
      }

      cards.forEach(card => {
        card.addEventListener('click', () => {
          card.classList.toggle('active');
          updateChart();
        });
      });

      const observer = new IntersectionObserver((entries, obs) => {
        entries.forEach(entry => {
          if (entry.isIntersecting) {
            entry.target.classList.add('gsc-in-view');
            obs.unobserve(entry.target);
          }
        });
      }, { threshold: 0.2 });

      cards.forEach(card => observer.observe(card));
      const chart = document.querySelector('.gsc-chart-card');
      if(chart) observer.observe(chart);
      
      setTimeout(updateChart, 100); 
    });
  </script>
</div></div>",https://cdn.prod.website-files.com/692486acb16e64066a373b89/693451287b839be8f1da3ea8_choisir-roquefort-logo-designer.png,https://cdn.prod.website-files.com/692486acb16e64066a373b89/6935e2604d4234039773e69b_politics-landing-page-georges-baradehi.jpg,https://cdn.prod.website-files.com/692486acb16e64066a373b89/6935ed4a5f41fed1add065dc_CMS-website-webdesigner-georges-baradehi.jpg,https://cdn.prod.website-files.com/692486acb16e64066a373b89/6935e6692b192c4ce8ae0972_politics-donation-webpage-georges-baradehi.jpg,,,https://cdn.prod.website-files.com/692486acb16e64066a373b89/693459243cfc5c7dc00ef532_choisir-roquefort-webdesign-georges-baradehi.jpg,https://choisirroquefort.fr,,,,,skilltrack,3,3
